learning_rate,batch_size,num_epochs,ROUGE-1 F1,ROUGE-2 F1,ROUGE-L F1,greedy_score,bertscore_precision,bertscore_recall,bertscore_f1,combined_score
5e-05,2,3,0.2724888584911391,0.053556580317073416,0.18211944050819015,0.7321602960241338,0.8726232647895813,0.8351129293441772,0.8533803224563599,0.8170143145266919
0.0001,2,3,0.27770720406436505,0.05548597466730191,0.18501768414246444,0.7352737423839668,0.8754770755767822,0.8361010551452637,0.8552646636962891,0.8192673873025924
learning_rate,batch_size,num_epochs,ROUGE-1 F1,ROUGE-2 F1,ROUGE-L F1,greedy_score,bertscore_precision,bertscore_recall,bertscore_f1,combined_score
5e-05,2,3,0.9954819357267354,0.9954722961983841,0.9954819357267354,0.9995550143967072,1.0,1.0,1.0,0.9998665043190121
0.0001,2,3,0.9954795615688965,0.9954699064939014,0.9954795615688965,0.9995666825398802,1.0,1.0,1.0,0.999870004761964
