learning_rate,batch_size,num_epochs,ROUGE-1 F1,ROUGE-2 F1,ROUGE-L F1,greedy_score,bertscore_precision,bertscore_recall,bertscore_f1,combined_score
5e-05,8,3,0.22462421065560428,0.0370616859328235,0.1617312757824934,0.729194146602725,0.8282554745674133,0.8323819041252136,0.8301894664764404,0.7998908705143257
0.0001,8,3,0.2155580833695216,0.039297887680163776,0.15891703921727865,0.7345615929706643,0.8321898579597473,0.8316881060600281,0.8318186402320862,0.8026415260536596
learning_rate,batch_size,num_epochs,ROUGE-1 F1,ROUGE-2 F1,ROUGE-L F1,greedy_score,bertscore_precision,bertscore_recall,bertscore_f1,combined_score
5e-05,8,3,0.9955505042719496,0.9955409997697662,0.9955505042719496,0.9995896846055985,1.0,1.0,1.0,0.9998769053816795
0.0001,8,3,0.9953959656822655,0.9953861469009183,0.9953959656822655,0.9995550139124195,1.0,1.0,1.0,0.9998665041737258
